INSERT INTO category (id, name) VALUES (1, 'Cats');
INSERT INTO category (id, name) VALUES (2, 'Books');
INSERT INTO category (id, name) VALUES (3, 'Clothing');
INSERT INTO category (id, name) VALUES (4, 'Home & Kitchen');
INSERT INTO category (id, name) VALUES (5, 'Sports & Outdoors');
INSERT INTO category (id, name) VALUES (6, 'Electronics');
INSERT INTO category (id, name) VALUES (7, 'Arts');
INSERT INTO product (id, name, price, rating, category_id) VALUES (1, 'Product1', 20.99, 5, 3);
INSERT INTO product (id, name, price, rating, category_id) VALUES (2, 'Product2', 29.99, 4, 2);
INSERT INTO product (id, name, price, rating, category_id) VALUES (3, 'Product3 keyword', 9.99, 3, 4);
INSERT INTO product (id, name, price, rating, category_id) VALUES (4, 'Product4', 49.99, 5, 6);
INSERT INTO product (id, name, price, rating, category_id) VALUES (5, 'Product5', 15.99, 4, 3);
INSERT INTO product (id, name, price, rating, category_id) VALUES (6, 'Product4', 50.99, 5, 6);
INSERT INTO product (id, name, price, rating, category_id) VALUES (7, 'Product5 keyword', 15.02, 4, 5);
INSERT INTO address (street, city, zip) VALUES ('123 West St', 'New york', '12345');
INSERT INTO address (street, city, zip) VALUES ('456 Main St', 'Fairfield', '67890');
INSERT INTO address (street, city, zip) VALUES ('789 High St', 'Capital City', '13579');
INSERT INTO address (street, city, zip) VALUES ('101 Grade St', 'Chicago', '24680');
INSERT INTO address (street, city, zip) VALUES ('202 Posh St', 'Mount', '11223');
INSERT INTO user (first_name, last_name, email, password, address_id) VALUES ('John', 'Doe', 'john.doe@example.com', 'password123', 1);
INSERT INTO user (first_name, last_name, email, password, address_id) VALUES ('Jane', 'Smith', 'jane.smith@example.com', 'password456', 2);
INSERT INTO user (first_name, last_name, email, password, address_id) VALUES ('Alice', 'Johnson', 'alice.johnson@example.com', 'password789', 3);
INSERT INTO user (first_name, last_name, email, password, address_id) VALUES ('Bob', 'Brown', 'bob.brown@example.com', 'password321', 4);
INSERT INTO user (first_name, last_name, email, password, address_id) VALUES ('Charlie', 'Davis', 'charlie.davis@example.com', 'password654', 5);
INSERT INTO review (comment, user_id, product_id) VALUES ('Great product!', 2, 7);
INSERT INTO review (comment, user_id, product_id) VALUES ('Not satisfied.', 2, 4);
INSERT INTO review (comment, user_id, product_id) VALUES ('Excellent service.', 3, 2);
INSERT INTO review (comment, user_id, product_id) VALUES ('Will buy again.', 4, 4);
INSERT INTO review (comment, user_id, product_id) VALUES ('Poor quality.', 5, 4);
INSERT INTO review (comment, user_id, product_id) VALUES ('Amazing experience.', 3, 6);
INSERT INTO review (comment, user_id, product_id) VALUES ('Not worth the price.', 2, 2);
INSERT INTO review (comment, user_id, product_id) VALUES ('Highly recommended.', 5, 4);
INSERT INTO review (comment, user_id, product_id) VALUES ('Very satisfied.', 3, 7);
INSERT INTO review (comment, user_id, product_id) VALUES ('Below expectations.', 5, 6);